Name,Phone
Chantale Navarro,1-330-187-9752
Gemma Cherry,(818) 211-2275
Ryan Bridges,1-470-503-1513
Abdul Barlow,1-718-687-8183
Xandra Horn,1-668-776-0263
Holmes Marshall,(545) 431-7187
Kylynn Lindsay,1-581-574-3728
Marny Nichols,(899) 616-5125
Cadman Collins,(748) 338-0129
Jermaine Mcmillan,(148) 364-3677
Ebony Carey,1-315-675-8132
Macon Cross,1-624-224-0587
Doris Flores,1-475-876-6364
Galvin Kinney,1-256-705-6781
Porter Schroeder,1-994-943-7175
Barrett Bernard,1-232-222-1365
Cooper Parker,1-612-202-7426
Todd Ferrell,1-624-354-2036
Megan Scott,1-353-233-5221
Blake Morris,1-174-493-2968